"","student","has"
"1",21118,"C2 - Good"
"2",21118,"C5 - Very Good"
"3",21118,"C3 - Very Good"
"4",21118,"C1 - Medium"
"5",21118,"C4 - Very Good"
"6",21118,"C7 - Good"
"7",21118,"C10 - Very Good"
"8",21118,"C8 - Medium"
"9",21118,"C9 - Good"
"10",21119,"C6 - Good"
"11",21119,"C2 - Good"
"12",21119,"C5 - Medium"
"13",21119,"C3 - Good"
"14",21119,"C1 - Medium"
"15",21119,"C4 - Medium"
"16",21119,"C7 - Good"
"17",21119,"C10 - Medium"
"18",21119,"C8 - Medium"
"19",21119,"C9 - Good"
"20",21120,"C6 - Very Good"
"21",21120,"C2 - Very Good"
"22",21120,"C5 - Very Good"
"23",21120,"C3 - Very Good"
"24",21120,"C1 - Good"
"25",21120,"C4 - Good"
"26",21120,"C7 - Good"
"27",21120,"C10 - Good"
"28",21120,"C8 - Good"
"29",21120,"C9 - Good"
"30",21121,"C6 - Very Good"
"31",21121,"C2 - Medium"
"32",21121,"C5 - Very Good"
"33",21121,"C3 - Medium"
"34",21121,"C1 - Good"
"35",21121,"C4 - Good"
"36",21129,"C9 - Very Good"
"37",21130,"C6 - Excellent"
"38",21130,"C2 - Excellent"
"39",21130,"C5 - Very Good"
"40",21130,"C3 - Excellent"
"41",21130,"C1 - Good"
"42",21130,"C4 - Good"
"43",21130,"C7 - Very Good"
"44",21130,"C10 - Good"
"45",21130,"C8 - Medium"
"46",21130,"C9 - Very Good"
"47",21131,"C6 - Very Good"
"48",21131,"C2 - Very Good"
"49",21131,"C5 - Very Good"
"50",21131,"C3 - Very Good"
"51",21131,"C1 - Medium"
"52",21131,"C4 - Very Good"
"53",21131,"C7 - Very Good"
"54",21131,"C10 - Excellent"
"55",21131,"C8 - Good"
"56",21131,"C9 - Very Good"
"57",21133,"C6 - Excellent"
"58",21133,"C2 - Very Good"
"59",21133,"C5 - Very Good"
"60",21133,"C3 - Very Good"
"61",21133,"C1 - Medium"
"62",21133,"C4 - Excellent"
"63",21133,"C7 - Good"
"64",21133,"C10 - Very Good"
"65",21133,"C8 - Good"
"66",21133,"C9 - Excellent"
"67",21134,"C6 - Very Good"
"68",21134,"C2 - Very Good"
"69",21134,"C5 - Very Good"
"70",21134,"C3 - Medium"
"71",21134,"C1 - Good"
"72",21134,"C4 - Very Good"
"73",21134,"C7 - Very Good"
"74",21134,"C10 - Very Good"
"75",21134,"C8 - Good"
"76",21134,"C9 - Very Good"
"77",21135,"C6 - Very Good"
"78",21142,"C10 - Very Good"
"79",21142,"C8 - Good"
"80",21142,"C9 - Very Good"
"81",21143,"C6 - Very Good"
"82",21143,"C2 - Very Good"
"83",21143,"C5 - Very Good"
"84",21143,"C3 - Good"
"85",21143,"C1 - Good"
"86",21143,"C4 - Good"
"87",21143,"C7 - Good"
"88",21143,"C10 - Very Good"
"89",21143,"C8 - Good"
"90",21143,"C9 - Good"
"91",21167,"C6 - Very Good"
"92",21167,"C2 - Very Good"
"93",21167,"C5 - Good"
"94",21167,"C3 - Very Good"
"95",21167,"C1 - Good"
"96",21167,"C4 - Medium"
"97",21167,"C7 - Good"
"98",21167,"C10 - Good"
"99",21167,"C8 - Very Good"
"100",21167,"C9 - Very Good"
"101",22061,"C6 - Very Good"
"102",22061,"C2 - Very Good"
"103",22061,"C5 - Good"
"104",22061,"C3 - Medium"
"105",22061,"C1 - Good"
"106",22061,"C4 - Medium"
"107",22061,"C7 - Medium"
"108",22061,"C10 - Very Good"
"109",22061,"C8 - Medium"
"110",22061,"C9 - Excellent"
"111",22062,"C6 - Very Good"
"112",22062,"C2 - Good"
"113",22062,"C5 - Good"
"114",22062,"C3 - Medium"
"115",22062,"C1 - Good"
"116",22062,"C4 - Very Good"
"117",22062,"C7 - Very Good"
"118",22070,"C9 - Very Good"
"119",22071,"C6 - Excellent"
"120",22071,"C2 - Medium"
"121",22071,"C5 - Medium"
"122",22071,"C3 - Medium"
"123",22071,"C1 - Good"
"124",22071,"C4 - Good"
"125",22071,"C7 - Medium"
"126",22071,"C10 - Good"
"127",22071,"C8 - Medium"
"128",22071,"C9 - Good"
"129",22072,"C6 - Very Good"
"130",22072,"C2 - Excellent"
"131",22072,"C5 - Excellent"
"132",22072,"C3 - Very Good"
"133",22072,"C1 - Good"
"134",22072,"C4 - Excellent"
"135",22072,"C7 - Excellent"
"136",22072,"C10 - Excellent"
"137",22072,"C8 - Excellent"
"138",22072,"C9 - Excellent"
"139",22073,"C6 - Medium"
"140",22073,"C2 - Medium"
"141",22073,"C5 - Good"
"142",22073,"C3 - Medium"
"143",22073,"C1 - Good"
"144",22073,"C4 - Medium"
"145",22073,"C7 - Medium"
"146",22073,"C10 - Medium"
"147",22073,"C8 - Medium"
"148",22073,"C9 - Medium"
"149",22074,"C6 - Good"
"150",22074,"C2 - Very Good"
"151",22074,"C5 - Very Good"
"152",22074,"C3 - Medium"
"153",22074,"C1 - Good"
"154",22074,"C4 - Medium"
"155",23118,"C8 - Excellent"
"156",23118,"C9 - Very Good"
"157",23119,"C6 - Very Good"
"158",23119,"C2 - Good"
"159",23119,"C5 - Good"
"160",23119,"C3 - Medium"
"161",23119,"C1 - Good"
"162",23119,"C4 - Excellent"
"163",23119,"C7 - Very Good"
"164",23119,"C10 - Very Good"
"165",23119,"C8 - Very Good"
"166",23119,"C9 - Very Good"
"167",23120,"C6 - Good"
"168",23120,"C2 - Medium"
"169",23120,"C5 - Very Good"
"170",23120,"C3 - Medium"
"171",23120,"C1 - Very Good"
"172",23120,"C4 - Good"
"173",23120,"C7 - Very Good"
"174",23120,"C10 - Good"
"175",23120,"C8 - Medium"
"176",23120,"C9 - Very Good"
"177",23121,"C6 - Very Good"
"178",23121,"C2 - Medium"
"179",23121,"C5 - Very Good"
"180",23121,"C3 - Medium"
"181",23121,"C1 - Medium"
"182",23121,"C4 - Good"
"183",23121,"C7 - Good"
"184",23121,"C10 - Good"
"185",23121,"C8 - Medium"
"186",23121,"C9 - Good"
"187",23122,"C6 - Excellent"
"188",23122,"C2 - Good"
"189",23122,"C5 - Good"
"190",23122,"C3 - Very Good"
"191",23122,"C1 - Medium"
"192",23122,"C4 - Very Good"
"193",23122,"C7 - Good"
"194",23122,"C10 - Good"
"195",24088,"C7 - Medium"
"196",24088,"C10 - Medium"
"197",24088,"C8 - Medium"
"198",24088,"C9 - Medium"
"199",24089,"C6 - Very Good"
"200",24089,"C2 - Good"
"201",24089,"C5 - Very Good"
"202",24089,"C3 - Very Good"
"203",24089,"C1 - Very Good"
"204",24089,"C4 - Excellent"
"205",24089,"C7 - Very Good"
"206",24089,"C10 - Very Good"
"207",24089,"C8 - Very Good"
"208",24089,"C9 - Excellent"
"209",24090,"C6 - Very Good"
"210",24090,"C2 - Good"
"211",24090,"C5 - Very Good"
"212",24090,"C3 - Very Good"
"213",24090,"C1 - Good"
"214",24090,"C4 - Medium"
"215",24090,"C7 - Medium"
"216",24090,"C10 - Medium"
"217",24090,"C8 - Good"
"218",24090,"C9 - Good"
"219",24091,"C6 - Good"
"220",24091,"C2 - Medium"
"221",24091,"C5 - Very Good"
"222",24091,"C1 - Good"
"223",24091,"C4 - Medium"
"224",24091,"C7 - Medium"
"225",24091,"C10 - Medium"
"226",24100,"C6 - Excellent"
"227",24100,"C2 - Very Good"
"228",24100,"C5 - Excellent"
"229",24100,"C3 - Good"
"230",24100,"C1 - Medium"
"231",24100,"C4 - Good"
"232",24100,"C7 - Very Good"
"233",24100,"C10 - Good"
"234",24100,"C8 - Good"
"235",24100,"C9 - Very Good"
"236",24101,"C6 - Excellent"
"237",24101,"C2 - Medium"
"238",24101,"C5 - Very Good"
"239",24101,"C3 - Very Good"
"240",24101,"C1 - Good"
"241",24101,"C4 - Good"
"242",24101,"C7 - Good"
"243",24101,"C10 - Very Good"
"244",24101,"C8 - Very Good"
"245",24101,"C9 - Excellent"
"246",24102,"C6 - Very Good"
"247",24102,"C2 - Medium"
"248",24102,"C5 - Good"
"249",24102,"C3 - Very Good"
"250",24102,"C1 - Good"
"251",24102,"C4 - Medium"
"252",24102,"C7 - Medium"
"253",24102,"C10 - Good"
"254",24102,"C8 - Medium"
"255",24102,"C9 - Good"
"256",24103,"C6 - Excellent"
"257",24103,"C2 - Very Good"
"258",24103,"C5 - Very Good"
"259",24103,"C3 - Excellent"
"260",24103,"C1 - Good"
"261",25139,"C1 - Good"
"262",25139,"C4 - Medium"
"263",25139,"C7 - Good"
"264",25139,"C10 - Medium"
"265",25139,"C8 - Medium"
"266",25139,"C9 - Very Good"
"267",25141,"C6 - Very Good"
"268",25141,"C2 - Excellent"
"269",25141,"C5 - Very Good"
"270",25141,"C3 - Very Good"
"271",25141,"C1 - Very Good"
"272",25141,"C4 - Good"
"273",25141,"C7 - Very Good"
"274",25141,"C10 - Very Good"
"275",25141,"C8 - Very Good"
"276",25141,"C9 - Excellent"
"277",25142,"C6 - Very Good"
"278",25142,"C2 - Medium"
"279",25142,"C5 - Good"
"280",25142,"C3 - Very Good"
"281",25142,"C1 - Medium"
"282",25142,"C4 - Excellent"
"283",25142,"C7 - Good"
"284",25142,"C10 - Very Good"
"285",25142,"C8 - Very Good"
"286",25142,"C9 - Excellent"
"287",25143,"C6 - Excellent"
"288",25143,"C2 - Good"
"289",25143,"C5 - Very Good"
"290",25143,"C3 - Excellent"
"291",25143,"C1 - Very Good"
"292",25143,"C4 - Good"
"293",25143,"C7 - Very Good"
"294",25143,"C10 - Medium"
"295",25143,"C8 - Medium"
"296",25143,"C9 - Very Good"
"297",25144,"C6 - Very Good"
"298",25144,"C2 - Good"
"299",25144,"C5 - Very Good"
"300",25144,"C3 - Very Good"
"301",25144,"C1 - Good"
"302",25144,"C4 - Medium"
"303",25144,"C7 - Good"
"304",25144,"C10 - Very Good"
"305",25144,"C8 - Good"
"306",25144,"C9 - Very Good"
"307",25146,"C6 - Very Good"
"308",25146,"C2 - Very Good"
"309",25146,"C5 - Very Good"
"310",25146,"C3 - Excellent"
"311",25146,"C1 - Very Good"
"312",25146,"C4 - Good"
"313",25146,"C7 - Good"
"314",25146,"C10 - Very Good"
"315",25146,"C8 - Good"
"316",25146,"C9 - Good"
"317",25148,"C6 - Very Good"
"318",25148,"C2 - Excellent"
"319",25148,"C5 - Excellent"
"320",25148,"C3 - Excellent"
"321",25148,"C1 - Excellent"
"322",25148,"C4 - Excellent"
"323",25148,"C7 - Excellent"
"324",25148,"C10 - Excellent"
"325",25148,"C8 - Excellent"
"326",25148,"C9 - Excellent"
"327",25149,"C6 - Very Good"
"328",25149,"C2 - Good"
"329",25149,"C5 - Very Good"
"330",25149,"C3 - Excellent"
"331",25149,"C1 - Good"
"332",25149,"C4 - Good"
"333",25149,"C7 - Good"
"334",25149,"C10 - Medium"
"335",25149,"C8 - Medium"
"336",25149,"C9 - Excellent"
"337",25150,"C6 - Good"
"338",25150,"C2 - Very Good"
"339",25150,"C5 - Excellent"
"340",25150,"C3 - Very Good"
"341",25150,"C1 - Very Good"
"342",25150,"C4 - Very Good"
"343",25150,"C7 - Very Good"
"344",25150,"C10 - Very Good"
"345",25150,"C8 - Good"
"346",25150,"C9 - Very Good"
"347",25388,"C6 - Excellent"
"348",25388,"C2 - Very Good"
"349",25388,"C5 - Very Good"
"350",25388,"C3 - Excellent"
"351",25388,"C1 - Good"
"352",25388,"C7 - Very Good"
"353",25388,"C10 - Very Good"
"354",25388,"C8 - Good"
"355",26112,"C6 - Medium"
"356",26112,"C2 - Medium"
"357",26112,"C5 - Good"
"358",26112,"C3 - Good"
"359",26112,"C1 - Medium"
"360",26112,"C4 - Medium"
"361",26112,"C7 - Medium"
"362",26112,"C10 - Good"
"363",26112,"C8 - Medium"
"364",26112,"C9 - Medium"
"365",26143,"C6 - Very Good"
"366",26143,"C2 - Medium"
"367",26143,"C5 - Medium"
"368",26143,"C3 - Medium"
"369",26143,"C1 - Medium"
"370",26143,"C4 - Medium"
"371",26143,"C8 - Medium"
"372",26143,"C9 - Good"
"373",26144,"C6 - Excellent"
"374",26144,"C2 - Good"
"375",26144,"C5 - Good"
"376",26144,"C3 - Excellent"
"377",26144,"C1 - Medium"
"378",26144,"C4 - Very Good"
"379",26144,"C7 - Good"
"380",26144,"C10 - Very Good"
"381",26144,"C8 - Medium"
"382",26144,"C9 - Very Good"
"383",26145,"C6 - Very Good"
"384",26145,"C2 - Good"
"385",26145,"C5 - Very Good"
"386",26145,"C1 - Excellent"
"387",26145,"C7 - Very Good"
"388",26145,"C10 - Good"
"389",26145,"C8 - Medium"
"390",26146,"C6 - Very Good"
"391",26146,"C2 - Very Good"
"392",26147,"C6 - Good"
"393",26147,"C2 - Good"
"394",26147,"C5 - Very Good"
"395",26147,"C3 - Good"
"396",26147,"C1 - Good"
"397",26147,"C4 - Medium"
"398",26147,"C7 - Good"
"399",26147,"C10 - Very Good"
"400",26147,"C9 - Very Good"
"401",26148,"C6 - Excellent"
"402",26148,"C2 - Medium"
"403",26148,"C5 - Very Good"
"404",26148,"C3 - Very Good"
"405",26148,"C1 - Medium"
"406",26148,"C4 - Good"
"407",26148,"C7 - Medium"
"408",26148,"C10 - Good"
"409",26148,"C9 - Very Good"
"410",26149,"C9 - Good"
"411",26150,"C6 - Excellent"
"412",26150,"C2 - Excellent"
"413",26150,"C5 - Very Good"
"414",26150,"C3 - Excellent"
"415",26150,"C1 - Very Good"
"416",26150,"C4 - Excellent"
"417",26150,"C7 - Very Good"
"418",26150,"C10 - Excellent"
"419",26150,"C8 - Very Good"
"420",26150,"C9 - Very Good"
"421",26151,"C6 - Excellent"
"422",26151,"C2 - Good"
"423",26151,"C5 - Good"
"424",26151,"C3 - Excellent"
"425",26151,"C1 - Good"
"426",26151,"C4 - Good"
"427",26151,"C7 - Good"
"428",26151,"C10 - Good"
"429",26151,"C8 - Medium"
"430",26151,"C9 - Very Good"
"431",26152,"C6 - Excellent"
"432",26152,"C2 - Medium"
"433",26152,"C5 - Medium"
"434",26152,"C1 - Excellent"
"435",26152,"C4 - Medium"
"436",26152,"C10 - Good"
"437",26152,"C9 - Good"
"438",26153,"C6 - Excellent"
"439",26153,"C2 - Good"
"440",26153,"C5 - Good"
"441",26153,"C3 - Excellent"
"442",26153,"C1 - Good"
"443",26153,"C4 - Very Good"
"444",26153,"C7 - Good"
"445",26153,"C10 - Good"
"446",26153,"C8 - Good"
"447",26153,"C9 - Very Good"
"448",26154,"C6 - Very Good"
"449",26154,"C2 - Good"
"450",26154,"C5 - Good"
"451",26154,"C3 - Very Good"
"452",26154,"C1 - Good"
"453",26154,"C4 - Good"
"454",26154,"C7 - Very Good"
"455",26154,"C10 - Good"
"456",26154,"C8 - Good"
"457",26154,"C9 - Very Good"
"458",26155,"C6 - Excellent"
"459",26155,"C2 - Excellent"
"460",26155,"C5 - Excellent"
"461",26155,"C3 - Excellent"
"462",26155,"C1 - Very Good"
"463",26155,"C4 - Excellent"
"464",26155,"C7 - Very Good"
"465",26155,"C10 - Excellent"
"466",26155,"C8 - Excellent"
"467",26155,"C9 - Excellent"
"468",26156,"C6 - Excellent"
"469",26156,"C2 - Excellent"
"470",26156,"C5 - Excellent"
"471",26156,"C3 - Excellent"
"472",26156,"C1 - Very Good"
"473",26156,"C4 - Excellent"
"474",26156,"C7 - Excellent"
"475",26156,"C10 - Excellent"
"476",26156,"C8 - Excellent"
"477",26156,"C9 - Excellent"
"478",26157,"C6 - Good"
"479",26157,"C2 - Medium"
"480",26157,"C5 - Medium"
"481",26157,"C1 - Excellent"
"482",26157,"C4 - Medium"
"483",26157,"C10 - Good"
"484",26157,"C9 - Very Good"
"485",26158,"C6 - Excellent"
"486",26158,"C2 - Excellent"
"487",26158,"C5 - Excellent"
"488",26158,"C3 - Very Good"
"489",26158,"C1 - Very Good"
"490",26158,"C4 - Very Good"
"491",26158,"C7 - Very Good"
"492",26158,"C10 - Medium"
"493",26158,"C8 - Very Good"
"494",26158,"C9 - Excellent"
"495",26160,"C6 - Very Good"
"496",26160,"C2 - Excellent"
"497",26160,"C5 - Excellent"
"498",26160,"C3 - Very Good"
"499",26160,"C1 - Very Good"
"500",26160,"C4 - Excellent"
"501",26160,"C7 - Very Good"
"502",26160,"C10 - Excellent"
"503",26160,"C8 - Very Good"
"504",26160,"C9 - Excellent"
"505",26161,"C6 - Medium"
"506",26161,"C2 - Medium"
"507",26161,"C5 - Good"
"508",26161,"C1 - Medium"
"509",26161,"C4 - Very Good"
"510",26161,"C7 - Good"
"511",26161,"C10 - Medium"
"512",26161,"C8 - Good"
"513",26161,"C9 - Very Good"
"514",26162,"C6 - Very Good"
"515",26162,"C2 - Very Good"
"516",26162,"C5 - Excellent"
"517",26162,"C1 - Excellent"
"518",26162,"C4 - Good"
"519",26162,"C10 - Good"
"520",26162,"C9 - Very Good"
"521",26163,"C6 - Very Good"
"522",26163,"C2 - Good"
"523",26163,"C5 - Good"
"524",26163,"C3 - Good"
"525",26163,"C1 - Good"
"526",26163,"C4 - Good"
"527",26163,"C7 - Medium"
"528",26163,"C10 - Very Good"
"529",26163,"C8 - Good"
"530",26163,"C9 - Good"
"531",26164,"C6 - Very Good"
"532",26164,"C2 - Good"
"533",26164,"C5 - Medium"
"534",26164,"C3 - Very Good"
"535",26164,"C1 - Good"
"536",26164,"C4 - Excellent"
"537",26164,"C7 - Good"
"538",26164,"C10 - Good"
"539",26164,"C9 - Very Good"
"540",26166,"C6 - Excellent"
"541",26166,"C2 - Very Good"
"542",26166,"C1 - Very Good"
"543",26166,"C7 - Very Good"
"544",26166,"C10 - Very Good"
"545",26166,"C8 - Good"
"546",26167,"C6 - Excellent"
"547",26167,"C2 - Very Good"
"548",26167,"C5 - Excellent"
"549",26167,"C1 - Good"
"550",26167,"C7 - Excellent"
"551",26167,"C10 - Excellent"
"552",26167,"C8 - Excellent"
"553",26168,"C6 - Very Good"
"554",26168,"C2 - Good"
"555",26168,"C5 - Medium"
"556",26168,"C3 - Excellent"
"557",26168,"C1 - Medium"
"558",26168,"C4 - Very Good"
"559",26168,"C7 - Medium"
"560",26168,"C10 - Good"
"561",26168,"C8 - Medium"
"562",26168,"C9 - Very Good"
"563",26169,"C6 - Very Good"
"564",26169,"C2 - Very Good"
"565",26169,"C5 - Excellent"
"566",26169,"C1 - Excellent"
"567",26169,"C4 - Very Good"
"568",26169,"C10 - Good"
"569",26169,"C9 - Very Good"
"570",27034,"C2 - Good"
"571",27034,"C5 - Good"
"572",27034,"C1 - Very Good"
"573",27035,"C2 - Very Good"
"574",27035,"C5 - Good"
"575",27035,"C1 - Excellent"
"576",27036,"C5 - Very Good"
"577",27036,"C1 - Excellent"
"578",27037,"C2 - Good"
"579",27037,"C5 - Good"
"580",27037,"C1 - Very Good"
"581",27038,"C2 - Good"
"582",27040,"C2 - Excellent"
"583",27040,"C1 - Excellent"
"584",27041,"C2 - Very Good"
"585",27043,"C2 - Good"
"586",27043,"C5 - Medium"
"587",27043,"C1 - Good"
"588",27044,"C2 - Medium"
"589",27044,"C5 - Medium"
"590",27044,"C1 - Excellent"
"591",27046,"C2 - Good"
"592",27046,"C5 - Good"
"593",27046,"C1 - Very Good"
"594",27047,"C2 - Very Good"
"595",27047,"C5 - Very Good"
"596",27047,"C1 - Excellent"
"597",27048,"C2 - Medium"
"598",27048,"C5 - Very Good"
"599",27048,"C1 - Excellent"
"600",27049,"C2 - Excellent"
"601",27049,"C1 - Excellent"
"602",27050,"C1 - Excellent"
"603",27052,"C2 - Good"
"604",27052,"C5 - Good"
"605",27052,"C1 - Very Good"
"606",27053,"C2 - Excellent"
"607",27053,"C5 - Very Good"
"608",27053,"C1 - Excellent"
"609",27054,"C2 - Good"
"610",27054,"C5 - Good"
"611",27054,"C1 - Excellent"
"612",27056,"C2 - Excellent"
"613",27056,"C5 - Good"
"614",27056,"C1 - Excellent"
"615",27057,"C5 - Medium"
"616",27057,"C1 - Good"
"617",27059,"C2 - Very Good"
"618",27059,"C1 - Excellent"
"619",27060,"C1 - Good"
"620",27061,"C2 - Very Good"
"621",27061,"C5 - Good"
"622",27061,"C1 - Excellent"
"623",27064,"C2 - Very Good"
"624",21114,"C6 - Very Good"
"625",21114,"C2 - Very Good"
"626",21114,"C5 - Very Good"
"627",21114,"C3 - Medium"
"628",21114,"C1 - Good"
"629",21114,"C4 - Good"
"630",21114,"C7 - Good"
"631",21114,"C10 - Good"
"632",21114,"C8 - Medium"
"633",21114,"C9 - Good"
"634",21115,"C6 - Very Good"
"635",21115,"C2 - Excellent"
"636",21115,"C5 - Very Good"
"637",21115,"C3 - Very Good"
"638",21115,"C1 - Good"
"639",21115,"C4 - Very Good"
"640",21115,"C7 - Medium"
"641",21115,"C10 - Very Good"
"642",21115,"C8 - Medium"
"643",21115,"C9 - Good"
"644",21116,"C6 - Very Good"
"645",21116,"C2 - Excellent"
"646",21116,"C5 - Very Good"
"647",21116,"C3 - Excellent"
"648",21116,"C1 - Excellent"
"649",21116,"C4 - Medium"
"650",21116,"C7 - Good"
"651",21116,"C10 - Good"
"652",21116,"C8 - Medium"
"653",21116,"C9 - Very Good"
"654",21117,"C6 - Very Good"
"655",21117,"C2 - Good"
"656",21117,"C5 - Very Good"
"657",21117,"C3 - Very Good"
"658",21117,"C1 - Medium"
"659",21117,"C4 - Very Good"
"660",21117,"C7 - Good"
"661",21117,"C10 - Very Good"
"662",21117,"C8 - Medium"
"663",21117,"C9 - Good"
"664",21118,"C6 - Very Good"
"665",22062,"C10 - Excellent"
"666",22062,"C8 - Very Good"
"667",22062,"C9 - Good"
"668",22063,"C6 - Very Good"
"669",22063,"C2 - Very Good"
"670",22063,"C5 - Very Good"
"671",22063,"C3 - Good"
"672",22063,"C1 - Good"
"673",22063,"C4 - Very Good"
"674",22063,"C7 - Medium"
"675",22063,"C10 - Excellent"
"676",22063,"C8 - Good"
"677",22063,"C9 - Good"
"678",22064,"C6 - Excellent"
"679",22064,"C2 - Very Good"
"680",22064,"C5 - Very Good"
"681",22064,"C3 - Good"
"682",22064,"C1 - Good"
"683",22064,"C4 - Very Good"
"684",22064,"C7 - Good"
"685",22064,"C10 - Very Good"
"686",22064,"C8 - Very Good"
"687",22064,"C9 - Very Good"
"688",22065,"C6 - Excellent"
"689",22065,"C2 - Excellent"
"690",22065,"C5 - Excellent"
"691",22065,"C3 - Good"
"692",22065,"C1 - Very Good"
"693",22065,"C4 - Excellent"
"694",22065,"C7 - Excellent"
"695",22065,"C10 - Excellent"
"696",22065,"C8 - Excellent"
"697",22065,"C9 - Excellent"
"698",22066,"C6 - Excellent"
"699",22066,"C2 - Very Good"
"700",22066,"C5 - Medium"
"701",22066,"C3 - Good"
"702",22066,"C1 - Good"
"703",22066,"C4 - Good"
"704",22066,"C7 - Very Good"
"705",22066,"C10 - Medium"
"706",22066,"C8 - Good"
"707",22066,"C9 - Good"
"708",22067,"C6 - Excellent"
"709",22067,"C2 - Very Good"
"710",22067,"C5 - Excellent"
"711",22067,"C3 - Very Good"
"712",22067,"C1 - Good"
"713",22067,"C4 - Very Good"
"714",22067,"C7 - Very Good"
"715",22067,"C10 - Excellent"
"716",22067,"C8 - Very Good"
"717",22067,"C9 - Very Good"
"718",22068,"C6 - Good"
"719",22068,"C2 - Medium"
"720",22068,"C5 - Medium"
"721",22068,"C3 - Good"
"722",22068,"C1 - Very Good"
"723",22068,"C4 - Medium"
"724",22068,"C7 - Good"
"725",22068,"C10 - Good"
"726",22068,"C8 - Medium"
"727",22068,"C9 - Medium"
"728",22069,"C6 - Excellent"
"729",22069,"C2 - Good"
"730",22069,"C5 - Medium"
"731",22069,"C3 - Good"
"732",22069,"C1 - Good"
"733",22069,"C4 - Good"
"734",22069,"C7 - Medium"
"735",22069,"C10 - Very Good"
"736",22069,"C8 - Medium"
"737",22069,"C9 - Excellent"
"738",22070,"C6 - Good"
"739",22070,"C2 - Excellent"
"740",22070,"C5 - Good"
"741",22070,"C3 - Medium"
"742",22070,"C1 - Good"
"743",22070,"C4 - Good"
"744",22070,"C7 - Excellent"
"745",22070,"C10 - Very Good"
"746",22070,"C8 - Very Good"
"747",22074,"C7 - Excellent"
"748",22074,"C10 - Very Good"
"749",22074,"C8 - Very Good"
"750",22074,"C9 - Very Good"
"751",22075,"C6 - Very Good"
"752",22075,"C2 - Excellent"
"753",22075,"C5 - Good"
"754",22075,"C3 - Medium"
"755",22075,"C1 - Very Good"
"756",22075,"C4 - Good"
"757",22075,"C7 - Very Good"
"758",22075,"C10 - Medium"
"759",22075,"C8 - Good"
"760",22075,"C9 - Good"
"761",22076,"C6 - Very Good"
"762",22076,"C2 - Medium"
"763",22076,"C5 - Good"
"764",22076,"C3 - Medium"
"765",22076,"C1 - Medium"
"766",22076,"C4 - Medium"
"767",22076,"C7 - Good"
"768",22076,"C10 - Very Good"
"769",22076,"C8 - Medium"
"770",22076,"C9 - Good"
"771",22077,"C6 - Excellent"
"772",22077,"C2 - Very Good"
"773",22077,"C5 - Good"
"774",22077,"C3 - Good"
"775",22077,"C1 - Medium"
"776",22077,"C4 - Excellent"
"777",22077,"C7 - Very Good"
"778",22077,"C10 - Excellent"
"779",22077,"C8 - Very Good"
"780",22077,"C9 - Excellent"
"781",22078,"C6 - Excellent"
"782",22078,"C2 - Medium"
"783",22078,"C5 - Medium"
"784",22078,"C3 - Good"
"785",22078,"C1 - Medium"
"786",22078,"C4 - Good"
"787",22078,"C7 - Medium"
"788",22078,"C10 - Medium"
"789",22078,"C8 - Medium"
"790",22078,"C9 - Good"
"791",22079,"C6 - Very Good"
"792",22079,"C2 - Medium"
"793",22079,"C5 - Medium"
"794",22079,"C3 - Very Good"
"795",22079,"C1 - Good"
"796",22079,"C4 - Good"
"797",22079,"C7 - Very Good"
"798",22079,"C10 - Very Good"
"799",22079,"C8 - Medium"
"800",22079,"C9 - Very Good"
"801",23116,"C6 - Excellent"
"802",23116,"C2 - Very Good"
"803",23116,"C5 - Good"
"804",23116,"C3 - Medium"
"805",23116,"C1 - Good"
"806",23116,"C4 - Very Good"
"807",23116,"C7 - Very Good"
"808",23116,"C10 - Very Good"
"809",23116,"C8 - Very Good"
"810",23116,"C9 - Very Good"
"811",23117,"C6 - Very Good"
"812",23117,"C2 - Very Good"
"813",23117,"C5 - Good"
"814",23117,"C3 - Good"
"815",23117,"C1 - Good"
"816",23117,"C4 - Good"
"817",23117,"C7 - Very Good"
"818",23117,"C10 - Very Good"
"819",23117,"C8 - Very Good"
"820",23117,"C9 - Very Good"
"821",23118,"C6 - Very Good"
"822",23118,"C2 - Good"
"823",23118,"C5 - Good"
"824",23118,"C3 - Excellent"
"825",23118,"C1 - Good"
"826",23118,"C4 - Excellent"
"827",23118,"C7 - Very Good"
"828",23118,"C10 - Excellent"
"829",23122,"C8 - Good"
"830",23122,"C9 - Good"
"831",23123,"C6 - Very Good"
"832",23123,"C2 - Very Good"
"833",23123,"C5 - Good"
"834",23123,"C3 - Very Good"
"835",23123,"C1 - Good"
"836",23123,"C4 - Very Good"
"837",23123,"C7 - Good"
"838",23123,"C10 - Very Good"
"839",23123,"C8 - Very Good"
"840",23123,"C9 - Very Good"
"841",23124,"C6 - Very Good"
"842",23124,"C2 - Medium"
"843",23124,"C5 - Good"
"844",23124,"C3 - Good"
"845",23124,"C1 - Good"
"846",23124,"C4 - Medium"
"847",23124,"C7 - Very Good"
"848",23124,"C10 - Medium"
"849",23124,"C8 - Medium"
"850",23124,"C9 - Excellent"
"851",23125,"C6 - Very Good"
"852",23125,"C2 - Medium"
"853",23125,"C5 - Very Good"
"854",23125,"C3 - Good"
"855",23125,"C1 - Good"
"856",23125,"C4 - Medium"
"857",23125,"C7 - Good"
"858",23125,"C10 - Very Good"
"859",23125,"C8 - Medium"
"860",23125,"C9 - Very Good"
"861",23127,"C6 - Very Good"
"862",23127,"C2 - Medium"
"863",23127,"C5 - Medium"
"864",23127,"C3 - Medium"
"865",23127,"C1 - Good"
"866",23127,"C4 - Medium"
"867",23127,"C7 - Medium"
"868",23127,"C10 - Good"
"869",23127,"C8 - Medium"
"870",23127,"C9 - Good"
"871",23129,"C6 - Excellent"
"872",23129,"C2 - Medium"
"873",23129,"C5 - Medium"
"874",23129,"C3 - Medium"
"875",23129,"C1 - Medium"
"876",23129,"C4 - Medium"
"877",23129,"C7 - Medium"
"878",23129,"C10 - Medium"
"879",23129,"C8 - Medium"
"880",23129,"C9 - Medium"
"881",23130,"C6 - Very Good"
"882",23130,"C2 - Good"
"883",23130,"C5 - Medium"
"884",23130,"C3 - Very Good"
"885",23130,"C1 - Medium"
"886",23130,"C4 - Medium"
"887",23130,"C7 - Medium"
"888",23130,"C10 - Good"
"889",23130,"C8 - Good"
"890",23130,"C9 - Good"
"891",24087,"C6 - Excellent"
"892",24087,"C2 - Good"
"893",24087,"C5 - Very Good"
"894",24087,"C3 - Good"
"895",24087,"C1 - Good"
"896",24087,"C4 - Medium"
"897",24087,"C7 - Very Good"
"898",24087,"C10 - Very Good"
"899",24087,"C8 - Medium"
"900",24087,"C9 - Very Good"
"901",24088,"C6 - Very Good"
"902",24088,"C2 - Medium"
"903",24088,"C5 - Medium"
"904",24088,"C3 - Medium"
"905",24088,"C1 - Medium"
"906",24088,"C4 - Medium"
"907",27064,"C1 - Excellent"
"908",27065,"C2 - Medium"
"909",27065,"C5 - Good"
"910",27065,"C1 - Very Good"
"911",24091,"C8 - Medium"
"912",24091,"C9 - Medium"
"913",24092,"C6 - Excellent"
"914",24092,"C2 - Very Good"
"915",24092,"C5 - Very Good"
"916",24092,"C3 - Very Good"
"917",24092,"C1 - Very Good"
"918",24092,"C4 - Excellent"
"919",24092,"C7 - Good"
"920",24092,"C10 - Good"
"921",24092,"C8 - Good"
"922",24092,"C9 - Very Good"
"923",24093,"C6 - Very Good"
"924",24093,"C2 - Medium"
"925",24093,"C5 - Very Good"
"926",24093,"C3 - Very Good"
"927",24093,"C1 - Good"
"928",24093,"C4 - Medium"
"929",24093,"C7 - Medium"
"930",24093,"C10 - Medium"
"931",24093,"C8 - Medium"
"932",24093,"C9 - Medium"
"933",24094,"C6 - Excellent"
"934",24094,"C2 - Very Good"
"935",24094,"C5 - Very Good"
"936",24094,"C3 - Good"
"937",24094,"C1 - Good"
"938",24094,"C4 - Medium"
"939",24094,"C10 - Good"
"940",24094,"C8 - Medium"
"941",24095,"C6 - Very Good"
"942",24095,"C2 - Good"
"943",24095,"C5 - Excellent"
"944",24095,"C3 - Very Good"
"945",24095,"C1 - Very Good"
"946",24095,"C4 - Good"
"947",24095,"C7 - Good"
"948",24095,"C10 - Excellent"
"949",24095,"C8 - Very Good"
"950",24095,"C9 - Excellent"
"951",24096,"C6 - Excellent"
"952",24096,"C2 - Good"
"953",24096,"C5 - Good"
"954",24096,"C3 - Very Good"
"955",24096,"C1 - Very Good"
"956",24096,"C4 - Very Good"
"957",24096,"C7 - Very Good"
"958",24096,"C10 - Very Good"
"959",24096,"C8 - Very Good"
"960",24096,"C9 - Very Good"
"961",24097,"C6 - Excellent"
"962",24097,"C2 - Good"
"963",24097,"C5 - Very Good"
"964",24097,"C3 - Very Good"
"965",24097,"C1 - Good"
"966",24097,"C4 - Good"
"967",24097,"C7 - Very Good"
"968",24097,"C10 - Very Good"
"969",24097,"C8 - Very Good"
"970",24097,"C9 - Very Good"
"971",24098,"C6 - Very Good"
"972",24098,"C2 - Good"
"973",24098,"C5 - Good"
"974",24098,"C3 - Medium"
"975",24098,"C1 - Good"
"976",24098,"C4 - Good"
"977",24098,"C7 - Good"
"978",24098,"C10 - Medium"
"979",24098,"C8 - Good"
"980",24098,"C9 - Good"
"981",24099,"C6 - Very Good"
"982",24099,"C2 - Good"
"983",24099,"C5 - Good"
"984",24099,"C3 - Medium"
"985",24099,"C1 - Very Good"
"986",24099,"C4 - Very Good"
"987",24099,"C7 - Very Good"
"988",24099,"C10 - Medium"
"989",24099,"C8 - Good"
"990",24099,"C9 - Very Good"
"991",24103,"C4 - Good"
"992",24103,"C7 - Good"
"993",24103,"C10 - Very Good"
"994",24103,"C8 - Good"
"995",24103,"C9 - Good"
"996",24104,"C6 - Excellent"
"997",24104,"C2 - Good"
"998",24104,"C5 - Very Good"
"999",24104,"C3 - Very Good"
"1000",24104,"C1 - Very Good"
"1001",24104,"C4 - Good"
"1002",24104,"C7 - Very Good"
"1003",24104,"C10 - Excellent"
"1004",24104,"C8 - Good"
"1005",24104,"C9 - Very Good"
"1006",24105,"C6 - Excellent"
"1007",24105,"C2 - Medium"
"1008",24105,"C5 - Good"
"1009",24105,"C3 - Medium"
"1010",24105,"C1 - Medium"
"1011",24105,"C4 - Medium"
"1012",24105,"C7 - Medium"
"1013",24105,"C10 - Very Good"
"1014",24105,"C8 - Medium"
"1015",24105,"C9 - Good"
"1016",24106,"C6 - Very Good"
"1017",24106,"C2 - Medium"
"1018",24106,"C5 - Very Good"
"1019",24106,"C3 - Very Good"
"1020",24106,"C1 - Good"
"1021",24106,"C4 - Medium"
"1022",24106,"C7 - Medium"
"1023",24106,"C10 - Medium"
"1024",24106,"C8 - Medium"
"1025",24106,"C9 - Medium"
"1026",24107,"C6 - Excellent"
"1027",24107,"C2 - Very Good"
"1028",24107,"C5 - Very Good"
"1029",24107,"C3 - Very Good"
"1030",24107,"C1 - Good"
"1031",24107,"C4 - Very Good"
"1032",24107,"C7 - Very Good"
"1033",24107,"C10 - Very Good"
"1034",24107,"C8 - Good"
"1035",24107,"C9 - Very Good"
"1036",25136,"C6 - Excellent"
"1037",25136,"C2 - Good"
"1038",25136,"C5 - Very Good"
"1039",25136,"C3 - Very Good"
"1040",25136,"C1 - Good"
"1041",25136,"C4 - Good"
"1042",25136,"C7 - Very Good"
"1043",25136,"C10 - Good"
"1044",25136,"C8 - Good"
"1045",25136,"C9 - Excellent"
"1046",25137,"C6 - Excellent"
"1047",25137,"C2 - Excellent"
"1048",25137,"C5 - Very Good"
"1049",25137,"C3 - Very Good"
"1050",25137,"C1 - Good"
"1051",25137,"C4 - Excellent"
"1052",25137,"C7 - Very Good"
"1053",25137,"C10 - Very Good"
"1054",25137,"C8 - Very Good"
"1055",25137,"C9 - Excellent"
"1056",25138,"C6 - Very Good"
"1057",25138,"C2 - Good"
"1058",25138,"C5 - Very Good"
"1059",25138,"C3 - Very Good"
"1060",25138,"C1 - Very Good"
"1061",25138,"C4 - Medium"
"1062",25138,"C7 - Good"
"1063",25138,"C10 - Good"
"1064",25138,"C8 - Medium"
"1065",25138,"C9 - Very Good"
"1066",25139,"C6 - Very Good"
"1067",25139,"C2 - Medium"
"1068",25139,"C5 - Good"
"1069",25139,"C3 - Very Good"
"1070",21121,"C7 - Good"
"1071",21121,"C10 - Medium"
"1072",21121,"C8 - Medium"
"1073",21121,"C9 - Good"
"1074",21122,"C6 - Excellent"
"1075",21122,"C2 - Excellent"
"1076",21122,"C5 - Very Good"
"1077",21122,"C3 - Very Good"
"1078",21122,"C1 - Good"
"1079",21122,"C4 - Very Good"
"1080",21122,"C7 - Good"
"1081",21122,"C10 - Very Good"
"1082",21122,"C8 - Medium"
"1083",21122,"C9 - Excellent"
"1084",21123,"C6 - Very Good"
"1085",21123,"C2 - Medium"
"1086",21123,"C5 - Very Good"
"1087",21123,"C3 - Very Good"
"1088",21123,"C1 - Good"
"1089",21123,"C4 - Very Good"
"1090",21123,"C7 - Good"
"1091",21123,"C10 - Good"
"1092",21123,"C8 - Good"
"1093",21123,"C9 - Good"
"1094",21124,"C6 - Very Good"
"1095",21124,"C2 - Very Good"
"1096",21124,"C5 - Good"
"1097",21124,"C3 - Very Good"
"1098",21124,"C1 - Very Good"
"1099",21124,"C4 - Good"
"1100",21124,"C7 - Good"
"1101",21124,"C10 - Very Good"
"1102",21124,"C8 - Medium"
"1103",21124,"C9 - Very Good"
"1104",21125,"C6 - Excellent"
"1105",21125,"C2 - Very Good"
"1106",21125,"C5 - Very Good"
"1107",21125,"C3 - Good"
"1108",21125,"C1 - Medium"
"1109",21125,"C4 - Excellent"
"1110",21125,"C7 - Very Good"
"1111",21125,"C10 - Very Good"
"1112",21125,"C8 - Very Good"
"1113",21125,"C9 - Good"
"1114",21126,"C6 - Very Good"
"1115",21126,"C2 - Excellent"
"1116",21126,"C5 - Very Good"
"1117",21126,"C3 - Good"
"1118",21126,"C1 - Very Good"
"1119",21126,"C4 - Good"
"1120",21126,"C7 - Good"
"1121",21126,"C10 - Very Good"
"1122",21126,"C8 - Medium"
"1123",21126,"C9 - Good"
"1124",21127,"C6 - Very Good"
"1125",21127,"C2 - Excellent"
"1126",21127,"C5 - Very Good"
"1127",21127,"C3 - Very Good"
"1128",21127,"C1 - Good"
"1129",21127,"C4 - Medium"
"1130",21127,"C7 - Very Good"
"1131",21127,"C10 - Very Good"
"1132",21127,"C8 - Very Good"
"1133",21127,"C9 - Good"
"1134",21128,"C6 - Very Good"
"1135",21128,"C2 - Excellent"
"1136",21128,"C5 - Very Good"
"1137",21128,"C3 - Excellent"
"1138",21128,"C1 - Excellent"
"1139",21128,"C4 - Very Good"
"1140",21128,"C7 - Good"
"1141",21128,"C10 - Very Good"
"1142",21128,"C8 - Good"
"1143",21128,"C9 - Good"
"1144",21129,"C6 - Very Good"
"1145",21129,"C2 - Good"
"1146",21129,"C5 - Excellent"
"1147",21129,"C3 - Good"
"1148",21129,"C1 - Good"
"1149",21129,"C4 - Good"
"1150",21129,"C7 - Good"
"1151",21129,"C10 - Good"
"1152",21129,"C8 - Medium"
"1153",21135,"C2 - Very Good"
"1154",21135,"C5 - Very Good"
"1155",21135,"C3 - Excellent"
"1156",21135,"C1 - Good"
"1157",21135,"C4 - Good"
"1158",21135,"C7 - Good"
"1159",21135,"C10 - Good"
"1160",21135,"C8 - Medium"
"1161",21135,"C9 - Very Good"
"1162",21136,"C6 - Very Good"
"1163",21136,"C2 - Excellent"
"1164",21136,"C5 - Very Good"
"1165",21136,"C3 - Good"
"1166",21136,"C1 - Good"
"1167",21136,"C4 - Good"
"1168",21136,"C7 - Very Good"
"1169",21136,"C10 - Very Good"
"1170",21136,"C8 - Good"
"1171",21136,"C9 - Very Good"
"1172",21137,"C6 - Very Good"
"1173",21137,"C2 - Very Good"
"1174",21137,"C5 - Very Good"
"1175",21137,"C3 - Very Good"
"1176",21137,"C1 - Very Good"
"1177",21137,"C4 - Medium"
"1178",21137,"C7 - Very Good"
"1179",21137,"C10 - Good"
"1180",21137,"C8 - Good"
"1181",21137,"C9 - Good"
"1182",21138,"C6 - Very Good"
"1183",21138,"C2 - Very Good"
"1184",21138,"C5 - Excellent"
"1185",21138,"C3 - Excellent"
"1186",21138,"C1 - Good"
"1187",21138,"C4 - Good"
"1188",21138,"C7 - Good"
"1189",21138,"C10 - Very Good"
"1190",21138,"C8 - Good"
"1191",21138,"C9 - Very Good"
"1192",21139,"C6 - Very Good"
"1193",21139,"C2 - Medium"
"1194",21139,"C5 - Good"
"1195",21139,"C3 - Medium"
"1196",21139,"C1 - Good"
"1197",21139,"C4 - Medium"
"1198",21139,"C7 - Good"
"1199",21139,"C10 - Very Good"
"1200",21139,"C8 - Good"
"1201",21139,"C9 - Good"
"1202",21140,"C6 - Very Good"
"1203",21140,"C2 - Medium"
"1204",21140,"C5 - Very Good"
"1205",21140,"C3 - Very Good"
"1206",21140,"C1 - Medium"
"1207",21140,"C4 - Good"
"1208",21140,"C7 - Very Good"
"1209",21140,"C10 - Good"
"1210",21140,"C8 - Medium"
"1211",21140,"C9 - Very Good"
"1212",21141,"C6 - Very Good"
"1213",21141,"C2 - Very Good"
"1214",21141,"C5 - Very Good"
"1215",21141,"C3 - Very Good"
"1216",21141,"C1 - Excellent"
"1217",21141,"C4 - Good"
"1218",21141,"C7 - Good"
"1219",21141,"C10 - Good"
"1220",21141,"C8 - Good"
"1221",21141,"C9 - Good"
"1222",21142,"C6 - Good"
"1223",21142,"C2 - Very Good"
"1224",21142,"C5 - Excellent"
"1225",21142,"C3 - Very Good"
"1226",21142,"C1 - Very Good"
"1227",21142,"C4 - Very Good"
"1228",21142,"C7 - Good"
